Model,Accuracy,Training Time
Logistic Regression,0.9937888198757764,0.07097601890563965
Random Forest,0.9875776397515528,0.2628319263458252
SVM,1.0,0.009297847747802734
